{"cameraMode":{"drawMode":0,"name":"Shaded","section":"Shading Mode"},"sceneLighting":true,"audioPlay":false,"sceneViewState":{"showFog":true,"showMaterialUpdate":false,"showSkybox":true,"showFlares":true,"showImageEffects":true,"showParticleSystems":true},"in2DMode":false,"pivot":{"x":70.9150161743164,"y":-5.385907173156738,"z":72.34562683105469},"rotation":{"x":0.28338557481765749,"y":-0.6401357650756836,"z":0.2703104317188263,"w":0.6619102358818054},"size":41.1340446472168,"orthographic":false}