{"cameraMode":{"drawMode":0,"name":"Shaded","section":"Shading Mode"},"sceneLighting":false,"audioPlay":false,"sceneViewState":{"showFog":true,"showMaterialUpdate":false,"showSkybox":false,"showFlares":true,"showImageEffects":true,"showParticleSystems":true},"in2DMode":false,"pivot":{"x":-1.3980982303619385,"y":0.36503279209136965,"z":-12.126598358154297},"rotation":{"x":0.3568364083766937,"y":-0.15626434981822968,"z":0.060717109590768817,"w":0.9191131591796875},"size":1.9020507335662842,"orthographic":false}