{"cameraMode":{"drawMode":0,"name":"Shaded","section":"Shading Mode"},"sceneLighting":true,"audioPlay":false,"sceneViewState":{"showFog":true,"showMaterialUpdate":false,"showSkybox":true,"showFlares":true,"showImageEffects":true,"showParticleSystems":true},"in2DMode":false,"pivot":{"x":7.351221084594727,"y":-1.3749973773956299,"z":3.644909620285034},"rotation":{"x":0.18255583941936494,"y":0.7870936393737793,"z":-0.2781173288822174,"w":0.5207170248031616},"size":6.128613471984863,"orthographic":false}