{"cameraMode":{"drawMode":0,"name":"Shaded","section":"Shading Mode"},"sceneLighting":true,"audioPlay":false,"sceneViewState":{"showFog":true,"showMaterialUpdate":true,"showSkybox":true,"showFlares":true,"showImageEffects":true,"showParticleSystems":true},"in2DMode":false,"pivot":{"x":26.642614364624025,"y":78.64434051513672,"z":25.342344284057618},"rotation":{"x":-0.6584925055503845,"y":0.10285549610853195,"z":-0.09152084589004517,"w":-0.7399770617485046},"size":22.0,"orthographic":false}