{"cameraMode":{"drawMode":0,"name":"Shaded","section":"Shading Mode"},"sceneLighting":false,"audioPlay":false,"sceneViewState":{"showFog":true,"showMaterialUpdate":true,"showSkybox":false,"showFlares":true,"showImageEffects":true,"showParticleSystems":true},"in2DMode":false,"pivot":{"x":-1.3980982303619385,"y":0.36503279209136965,"z":-12.126598358154297},"rotation":{"x":0.31473082304000857,"y":0.6486680507659912,"z":-0.6053823232650757,"w":0.3372269570827484},"size":1.9020507335662842,"orthographic":false}